{
  "n_pairs": 42,
  "pearson_jaccard_vs_suff_within_ratio": 0.03798872262992253,
  "spearman_jaccard_vs_suff_within_ratio": 0.030437659650117094,
  "pearson_jaccard_vs_delta_within_ratio": 0.08189189127617888,
  "spearman_jaccard_vs_delta_within_ratio": 0.0739200305788558
}