{
  "n_pairs": 42,
  "pearson_jaccard_vs_suff_within_ratio": 0.10391265019841384,
  "spearman_jaccard_vs_suff_within_ratio": 0.07042857697954097,
  "pearson_jaccard_vs_delta_within_ratio": 0.04090764523344444,
  "spearman_jaccard_vs_delta_within_ratio": 0.05536176697894266
}