{
  "metric": "drop_full_nec",
  "baseline_label": "orig",
  "shifted_label": "user_json_pad",
  "n_common_rows": 1390,
  "n_common_q_indices": 139,
  "common_q_indices": [
    1,
    2,
    3,
    4,
    5,
    6,
    7,
    8,
    9,
    10,
    11,
    13,
    14,
    15,
    16,
    17,
    18,
    19,
    20,
    21,
    22,
    23,
    25,
    26,
    27,
    28,
    30,
    31,
    32,
    33,
    36,
    37,
    38,
    39,
    41,
    42,
    43,
    44,
    46,
    47,
    48,
    49,
    50,
    53,
    54,
    55,
    56,
    57,
    58,
    59,
    60,
    61,
    62,
    63,
    64,
    65,
    67,
    68,
    70,
    71,
    72,
    73,
    74,
    75,
    76,
    77,
    78,
    81,
    82,
    83,
    84,
    85,
    87,
    88,
    89,
    90,
    91,
    92,
    94,
    95,
    96,
    97,
    98,
    100,
    101,
    102,
    103,
    104,
    105,
    106,
    107,
    108,
    109,
    111,
    112,
    113,
    115,
    117,
    118,
    119,
    120,
    121,
    122,
    123,
    124,
    126,
    129,
    130,
    131,
    133,
    134,
    135,
    136,
    137,
    138,
    139,
    140,
    141,
    142,
    143,
    144,
    145,
    146,
    147,
    148,
    149,
    150,
    151,
    152,
    153,
    155,
    156,
    157,
    158,
    159,
    161,
    162,
    163,
    164
  ],
  "bootstrap": 2000,
  "seed": 123,
  "summary_rows": [
    {
      "node": "MLP27",
      "node_role": "Primary Writer MLP",
      "n_pairs": 139,
      "baseline_median": -0.022727272727272707,
      "shifted_median": 0.13020833333333326,
      "delta_median": 0.14081632653061216,
      "delta_mean": 0.15801936610453288,
      "delta_ci_lo": 0.12745974955277284,
      "delta_ci_hi": 0.15463337831758883
    },
    {
      "node": "MLP20",
      "node_role": "Aux MLP",
      "n_pairs": 139,
      "baseline_median": -0.03703703703703698,
      "shifted_median": 0.08247422680412364,
      "delta_median": 0.13149038461538465,
      "delta_mean": 0.12491680478538099,
      "delta_ci_lo": 0.11646136618141112,
      "delta_ci_hi": 0.1358024691358024
    },
    {
      "node": "MLP22",
      "node_role": "Support Suppressor MLP",
      "n_pairs": 139,
      "baseline_median": -0.020408163265306034,
      "shifted_median": -0.007692307692307665,
      "delta_median": 0.01494214876033051,
      "delta_mean": 0.01620270470108038,
      "delta_ci_lo": 0.010000000000000009,
      "delta_ci_hi": 0.02124542124542128
    },
    {
      "node": "L23H6",
      "node_role": "Format Router / Distractor Suppressor",
      "n_pairs": 139,
      "baseline_median": 0.022222222222222143,
      "shifted_median": 0.024691358024691357,
      "delta_median": 0.0033670033670033517,
      "delta_mean": 0.0031281252854396618,
      "delta_ci_lo": -0.0036525974025972685,
      "delta_ci_hi": 0.006448531167900673
    },
    {
      "node": "L20H5",
      "node_role": "Query Reader / Distractor Suppressor",
      "n_pairs": 139,
      "baseline_median": 0.018181818181818188,
      "shifted_median": 0.0,
      "delta_median": -0.012239165329052892,
      "delta_mean": -0.009804784607602235,
      "delta_ci_lo": -0.016949152542372947,
      "delta_ci_hi": -0.007312252964426946
    },
    {
      "node": "L17H8",
      "node_role": "Format Router / Target+Suppressor",
      "n_pairs": 139,
      "baseline_median": 0.040000000000000036,
      "shifted_median": 0.016393442622950838,
      "delta_median": -0.023873873873873963,
      "delta_mean": -0.0280418066995616,
      "delta_ci_lo": -0.0267285289222855,
      "delta_ci_hi": -0.018252212389380573
    },
    {
      "node": "L21H1",
      "node_role": "Format Router / Target+Suppressor",
      "n_pairs": 139,
      "baseline_median": 0.036363636363636376,
      "shifted_median": 0.014084507042253502,
      "delta_median": -0.024449421425905116,
      "delta_mean": -0.02363748943157833,
      "delta_ci_lo": -0.027744431105775735,
      "delta_ci_hi": -0.01851851851851849
    },
    {
      "node": "MLP11",
      "node_role": "Aux MLP",
      "n_pairs": 139,
      "baseline_median": 0.015151515151515138,
      "shifted_median": -0.013157894736842146,
      "delta_median": -0.030000000000000027,
      "delta_mean": -0.027817496890793898,
      "delta_ci_lo": -0.03413516609392897,
      "delta_ci_hi": -0.021091811414392092
    },
    {
      "node": "L24H6",
      "node_role": "Tool-Tag Reader / Distractor Suppressor",
      "n_pairs": 139,
      "baseline_median": 0.0,
      "shifted_median": -0.04225352112676051,
      "delta_median": -0.04915590863952324,
      "delta_mean": -0.05102140607949966,
      "delta_ci_lo": -0.05928421819506424,
      "delta_ci_hi": -0.04225352112676051
    },
    {
      "node": "L21H12",
      "node_role": "Format Router / Target+Suppressor",
      "n_pairs": 139,
      "baseline_median": 0.08333333333333337,
      "shifted_median": 0.012658227848101333,
      "delta_median": -0.07692307692307698,
      "delta_mean": -0.07678042083273699,
      "delta_ci_lo": -0.08270202020202022,
      "delta_ci_hi": -0.07220174360774678
    }
  ],
  "artifacts": {
    "summary_csv": "/root/data/XAI-1.7B-ACDCcopy2/final/tables/node_reallocation_user_json_vs_orig_delta_summary.csv",
    "delta_barh_png": "/root/data/XAI-1.7B-ACDCcopy2/final/figures/node_reallocation_user_json_vs_orig_barh.png"
  }
}
