{
  "metric": "drop_full_nec",
  "baseline_label": "system_json_pad",
  "shifted_label": "user_json_pad",
  "n_common_rows": 1390,
  "n_common_q_indices": 139,
  "common_q_indices": [
    1,
    2,
    3,
    4,
    5,
    6,
    7,
    8,
    9,
    10,
    11,
    13,
    14,
    15,
    16,
    17,
    18,
    19,
    20,
    21,
    22,
    23,
    25,
    26,
    27,
    28,
    30,
    31,
    32,
    33,
    36,
    37,
    38,
    39,
    41,
    42,
    43,
    44,
    46,
    47,
    48,
    49,
    50,
    53,
    54,
    55,
    56,
    57,
    58,
    59,
    60,
    61,
    62,
    63,
    64,
    65,
    67,
    68,
    70,
    71,
    72,
    73,
    74,
    75,
    76,
    77,
    78,
    81,
    82,
    83,
    84,
    85,
    87,
    88,
    89,
    90,
    91,
    92,
    94,
    95,
    96,
    97,
    98,
    100,
    101,
    102,
    103,
    104,
    105,
    106,
    107,
    108,
    109,
    111,
    112,
    113,
    115,
    117,
    118,
    119,
    120,
    121,
    122,
    123,
    124,
    126,
    129,
    130,
    131,
    133,
    134,
    135,
    136,
    137,
    138,
    139,
    140,
    141,
    142,
    143,
    144,
    145,
    146,
    147,
    148,
    149,
    150,
    151,
    152,
    153,
    155,
    156,
    157,
    158,
    159,
    161,
    162,
    163,
    164
  ],
  "bootstrap": 2000,
  "seed": 123,
  "summary_rows": [
    {
      "node": "MLP27",
      "node_role": "Primary Writer MLP",
      "n_pairs": 139,
      "baseline_median": -0.010869565217391353,
      "shifted_median": 0.13020833333333326,
      "delta_median": 0.1395946763460375,
      "delta_mean": 0.14292814820758828,
      "delta_ci_lo": 0.11892647469946893,
      "delta_ci_hi": 0.14857142857142858
    },
    {
      "node": "MLP20",
      "node_role": "Aux MLP",
      "n_pairs": 139,
      "baseline_median": 0.0,
      "shifted_median": 0.08247422680412364,
      "delta_median": 0.07614133833646042,
      "delta_mean": 0.08102864483559384,
      "delta_ci_lo": 0.06841432225063926,
      "delta_ci_hi": 0.08059071729957812
    },
    {
      "node": "L23H6",
      "node_role": "Format Router / Distractor Suppressor",
      "n_pairs": 139,
      "baseline_median": 0.01666666666666672,
      "shifted_median": 0.024691358024691357,
      "delta_median": 0.013605442176870763,
      "delta_mean": 0.012524006511860081,
      "delta_ci_lo": 0.009502923976608235,
      "delta_ci_hi": 0.015909090909090984
    },
    {
      "node": "L20H5",
      "node_role": "Query Reader / Distractor Suppressor",
      "n_pairs": 139,
      "baseline_median": 0.0,
      "shifted_median": 0.0,
      "delta_median": -0.0005602240896358524,
      "delta_mean": -0.0015567378264267758,
      "delta_ci_lo": -0.006101190476190399,
      "delta_ci_hi": 0.0
    },
    {
      "node": "MLP22",
      "node_role": "Support Suppressor MLP",
      "n_pairs": 139,
      "baseline_median": 0.0,
      "shifted_median": -0.007692307692307665,
      "delta_median": -0.006989097008666456,
      "delta_mean": -0.006833253498901755,
      "delta_ci_lo": -0.009883198562443796,
      "delta_ci_hi": 0.0
    },
    {
      "node": "L17H8",
      "node_role": "Format Router / Target+Suppressor",
      "n_pairs": 139,
      "baseline_median": 0.03125,
      "shifted_median": 0.016393442622950838,
      "delta_median": -0.01224489795918371,
      "delta_mean": -0.013005655026091538,
      "delta_ci_lo": -0.020021261516654953,
      "delta_ci_hi": -0.008391881342700969
    },
    {
      "node": "L21H1",
      "node_role": "Format Router / Target+Suppressor",
      "n_pairs": 139,
      "baseline_median": 0.02941176470588225,
      "shifted_median": 0.014084507042253502,
      "delta_median": -0.015686274509803866,
      "delta_mean": -0.016115461657054443,
      "delta_ci_lo": -0.0199070037779715,
      "delta_ci_hi": -0.012230741146403767
    },
    {
      "node": "L24H6",
      "node_role": "Tool-Tag Reader / Distractor Suppressor",
      "n_pairs": 139,
      "baseline_median": 0.0,
      "shifted_median": -0.04225352112676051,
      "delta_median": -0.04315018315018315,
      "delta_mean": -0.048012732702127775,
      "delta_ci_lo": -0.05246743716749236,
      "delta_ci_hi": -0.03380018674136309
    },
    {
      "node": "MLP11",
      "node_role": "Aux MLP",
      "n_pairs": 139,
      "baseline_median": 0.02857142857142858,
      "shifted_median": -0.013157894736842146,
      "delta_median": -0.04566301096709868,
      "delta_mean": -0.03797328761528789,
      "delta_ci_lo": -0.05424063116370825,
      "delta_ci_hi": -0.03567753001715268
    },
    {
      "node": "L21H12",
      "node_role": "Format Router / Target+Suppressor",
      "n_pairs": 139,
      "baseline_median": 0.0674157303370787,
      "shifted_median": 0.012658227848101333,
      "delta_median": -0.05771873568483754,
      "delta_mean": -0.0581889359194372,
      "delta_ci_lo": -0.06398730830248545,
      "delta_ci_hi": -0.04999999999999993
    }
  ],
  "artifacts": {
    "summary_csv": "/root/data/XAI-1.7B-ACDCcopy2/Automatic-Circuit-Discovery/experiments/results/toolcall_q1_q164_node_reallocation_user_vs_system_v1/node_reallocation_delta_summary.csv",
    "delta_barh_png": "/root/data/XAI-1.7B-ACDCcopy2/Automatic-Circuit-Discovery/experiments/results/toolcall_q1_q164_node_reallocation_user_vs_system_v1/node_reallocation_delta_barh.png"
  }
}