{
  "q_index": 15,
  "backbone_nodes": [
    "MLP11",
    "L17H8",
    "MLP20",
    "L20H5",
    "L21H1",
    "L21H12",
    "MLP22",
    "L23H6",
    "L24H6",
    "MLP27"
  ],
  "orig_nodes": [
    "L4H11",
    "MLP6",
    "L6H1",
    "MLP11",
    "L11H5",
    "L13H11",
    "L17H8",
    "MLP19",
    "L20H5",
    "L21H1",
    "L21H12",
    "MLP22",
    "L23H6",
    "L24H6",
    "MLP25",
    "MLP27"
  ],
  "refined_nodes": [
    "MLP11",
    "L17H8",
    "MLP20",
    "L20H5",
    "L21H1",
    "L21H12",
    "MLP22",
    "L23H6",
    "L24H6",
    "MLP27"
  ],
  "refined_edges": [
    [
      "Input Embed",
      "MLP11"
    ],
    [
      "Input Embed",
      "L17H8"
    ],
    [
      "MLP11",
      "L17H8"
    ],
    [
      "L17H8",
      "MLP20"
    ],
    [
      "MLP11",
      "MLP20"
    ],
    [
      "L17H8",
      "L20H5"
    ],
    [
      "MLP11",
      "L20H5"
    ],
    [
      "L20H5",
      "L21H1"
    ],
    [
      "L17H8",
      "L21H1"
    ],
    [
      "L20H5",
      "L21H12"
    ],
    [
      "L17H8",
      "L21H12"
    ],
    [
      "L21H12",
      "MLP22"
    ],
    [
      "L21H1",
      "MLP22"
    ],
    [
      "L21H12",
      "L23H6"
    ],
    [
      "L21H1",
      "L23H6"
    ],
    [
      "L21H12",
      "L24H6"
    ],
    [
      "L21H1",
      "L24H6"
    ],
    [
      "L21H12",
      "MLP27"
    ],
    [
      "L21H1",
      "MLP27"
    ],
    [
      "MLP27",
      "Residual Output: <tool_call>"
    ],
    [
      "L24H6",
      "Residual Output: <tool_call>"
    ],
    [
      "L23H6",
      "Residual Output: <tool_call>"
    ],
    [
      "MLP20",
      "L21H12"
    ],
    [
      "MLP22",
      "L23H6"
    ]
  ],
  "k_local": 0,
  "local_nodes": [],
  "refined_suff_ratio_vs_gap": 0.8909090909090909,
  "refined_necessity_ratio_vs_gap": 0.9090909090909091,
  "orig_suff_ratio_vs_gap": 1.018181818181818,
  "orig_necessity_ratio_vs_gap": 0.9818181818181818,
  "gap": 6.875,
  "ap_mode": "full"
}