{
  "n_input_samples": 139,
  "n_analyzed_samples": 139,
  "analyzed_q_indices": [
    1,
    2,
    3,
    4,
    5,
    6,
    7,
    8,
    9,
    10,
    11,
    13,
    14,
    15,
    16,
    17,
    18,
    19,
    20,
    21,
    22,
    23,
    25,
    26,
    27,
    28,
    30,
    31,
    32,
    33,
    36,
    37,
    38,
    39,
    41,
    42,
    43,
    44,
    46,
    47,
    48,
    49,
    50,
    53,
    54,
    55,
    56,
    57,
    58,
    59,
    60,
    61,
    62,
    63,
    64,
    65,
    67,
    68,
    70,
    71,
    72,
    73,
    74,
    75,
    76,
    77,
    78,
    81,
    82,
    83,
    84,
    85,
    87,
    88,
    89,
    90,
    91,
    92,
    94,
    95,
    96,
    97,
    98,
    100,
    101,
    102,
    103,
    104,
    105,
    106,
    107,
    108,
    109,
    111,
    112,
    113,
    115,
    117,
    118,
    119,
    120,
    121,
    122,
    123,
    124,
    126,
    129,
    130,
    131,
    133,
    134,
    135,
    136,
    137,
    138,
    139,
    140,
    141,
    142,
    143,
    144,
    145,
    146,
    147,
    148,
    149,
    150,
    151,
    152,
    153,
    155,
    156,
    157,
    158,
    159,
    161,
    162,
    163,
    164
  ],
  "skipped_q_indices": [],
  "gap_min": 0.5,
  "augment_mode": "user_json_pad",
  "gap_min_aug": 0.5,
  "bootstrap": 1000,
  "seed": 123,
  "core_nodes": [
    "MLP11",
    "L17H8",
    "MLP20",
    "L20H5",
    "L21H1",
    "L21H12",
    "MLP22",
    "L23H6",
    "L24H6",
    "MLP27"
  ],
  "summary_rows": [
    {
      "node": "MLP11",
      "node_role": "Aux MLP",
      "n_samples": 139,
      "node_suff_median": 0.06521739130434782,
      "node_suff_mean": 0.0623215882194236,
      "node_suff_ci": {
        "mean": 0.06594262990219853,
        "lo": 0.046511627906976744,
        "hi": 0.08196721311475409
      },
      "node_nec_median": 0.0684931506849315,
      "node_nec_mean": 0.058570431321041186,
      "node_nec_ci": {
        "mean": 0.06880030419945518,
        "lo": 0.046153846153846156,
        "hi": 0.08917197452229299
      },
      "minus_node_suff_median": 0.9701492537313433,
      "minus_node_nec_median": 0.9836734693877551,
      "drop_full_suff_median": 0.0,
      "drop_full_suff_ci": {
        "mean": 0.004594466517492651,
        "lo": 0.0,
        "hi": 0.013071895424836555
      },
      "drop_full_nec_median": -0.013157894736842146,
      "drop_full_nec_ci": {
        "mean": -0.013591701179039585,
        "lo": -0.019354838709677358,
        "hi": -0.006451612903225712
      },
      "rank_drop_full_nec": 9,
      "rank_node_suff": 10
    },
    {
      "node": "L17H8",
      "node_role": "Format Router / Target+Suppressor",
      "n_samples": 139,
      "node_suff_median": 0.22058823529411764,
      "node_suff_mean": 0.22625299716029934,
      "node_suff_ci": {
        "mean": 0.21929667274287465,
        "lo": 0.2,
        "hi": 0.2356687898089172
      },
      "node_nec_median": 0.19858156028368795,
      "node_nec_mean": 0.21163938038365043,
      "node_nec_ci": {
        "mean": 0.19717581286922808,
        "lo": 0.18032786885245902,
        "hi": 0.20987654320987653
      },
      "minus_node_suff_median": 0.9646017699115044,
      "minus_node_nec_median": 0.9497716894977168,
      "drop_full_suff_median": 0.013157894736842257,
      "drop_full_suff_ci": {
        "mean": 0.013852201093833958,
        "lo": 0.012195121951219523,
        "hi": 0.016666666666666607
      },
      "drop_full_nec_median": 0.016393442622950838,
      "drop_full_nec_ci": {
        "mean": 0.016220234567753084,
        "lo": 0.013157894736842146,
        "hi": 0.019354838709677358
      },
      "rank_drop_full_nec": 4,
      "rank_node_suff": 8
    },
    {
      "node": "MLP20",
      "node_role": "Aux MLP",
      "n_samples": 139,
      "node_suff_median": 0.4473684210526316,
      "node_suff_mean": 0.47640863340454875,
      "node_suff_ci": {
        "mean": 0.44673785585982523,
        "lo": 0.42028985507246375,
        "hi": 0.4666666666666667
      },
      "node_nec_median": 0.3953488372093023,
      "node_nec_mean": 0.44499673801793416,
      "node_nec_ci": {
        "mean": 0.3950902730613852,
        "lo": 0.36257309941520466,
        "hi": 0.4316546762589928
      },
      "minus_node_suff_median": 0.92,
      "minus_node_nec_median": 0.8884462151394422,
      "drop_full_suff_median": 0.06024096385542166,
      "drop_full_suff_ci": {
        "mean": 0.05975859529059168,
        "lo": 0.05228758169934644,
        "hi": 0.06521739130434778
      },
      "drop_full_nec_median": 0.08247422680412364,
      "drop_full_nec_ci": {
        "mean": 0.0822905399101922,
        "lo": 0.07228915662650592,
        "hi": 0.09230769230769231
      },
      "rank_drop_full_nec": 2,
      "rank_node_suff": 3
    },
    {
      "node": "L20H5",
      "node_role": "Query Reader / Distractor Suppressor",
      "n_samples": 139,
      "node_suff_median": 0.24193548387096775,
      "node_suff_mean": 0.2555907825173315,
      "node_suff_ci": {
        "mean": 0.2405417904845279,
        "lo": 0.22340425531914893,
        "hi": 0.25
      },
      "node_nec_median": 0.18072289156626506,
      "node_nec_mean": 0.2037394489031797,
      "node_nec_ci": {
        "mean": 0.18051891353991886,
        "lo": 0.16901408450704225,
        "hi": 0.19444444444444445
      },
      "minus_node_suff_median": 0.967479674796748,
      "minus_node_nec_median": 0.9545454545454546,
      "drop_full_suff_median": 0.010101010101010166,
      "drop_full_suff_ci": {
        "mean": 0.009510781463970065,
        "lo": 0.0,
        "hi": 0.011428571428571455
      },
      "drop_full_nec_median": 0.0,
      "drop_full_nec_ci": {
        "mean": 0.0021839530149648685,
        "lo": 0.0,
        "hi": 0.006369426751592355
      },
      "rank_drop_full_nec": 7,
      "rank_node_suff": 7
    },
    {
      "node": "L21H1",
      "node_role": "Format Router / Target+Suppressor",
      "n_samples": 139,
      "node_suff_median": 0.3881278538812785,
      "node_suff_mean": 0.3964201073916497,
      "node_suff_ci": {
        "mean": 0.3885640003923429,
        "lo": 0.35802469135802467,
        "hi": 0.41007194244604317
      },
      "node_nec_median": 0.2647058823529412,
      "node_nec_mean": 0.29811672508387593,
      "node_nec_ci": {
        "mean": 0.2660139222418252,
        "lo": 0.24324324324324326,
        "hi": 0.2872340425531915
      },
      "minus_node_suff_median": 0.9629629629629629,
      "minus_node_nec_median": 0.9506172839506173,
      "drop_full_suff_median": 0.012658227848101333,
      "drop_full_suff_ci": {
        "mean": 0.0127659839551756,
        "lo": 0.011111111111111183,
        "hi": 0.01538461538461533
      },
      "drop_full_nec_median": 0.014084507042253502,
      "drop_full_nec_ci": {
        "mean": 0.013872410045238445,
        "lo": 0.010869565217391242,
        "hi": 0.016666666666666607
      },
      "rank_drop_full_nec": 5,
      "rank_node_suff": 5
    },
    {
      "node": "L21H12",
      "node_role": "Format Router / Target+Suppressor",
      "n_samples": 139,
      "node_suff_median": 0.4430379746835443,
      "node_suff_mean": 0.46457319945323255,
      "node_suff_ci": {
        "mean": 0.4436673308655533,
        "lo": 0.43209876543209874,
        "hi": 0.45569620253164556
      },
      "node_nec_median": 0.32786885245901637,
      "node_nec_mean": 0.35153138467405015,
      "node_nec_ci": {
        "mean": 0.3290556208009028,
        "lo": 0.3,
        "hi": 0.3657142857142857
      },
      "minus_node_suff_median": 0.9673469387755103,
      "minus_node_nec_median": 0.952,
      "drop_full_suff_median": 0.014388489208633115,
      "drop_full_suff_ci": {
        "mean": 0.01464079018324126,
        "lo": 0.012658227848101333,
        "hi": 0.016666666666666607
      },
      "drop_full_nec_median": 0.012658227848101333,
      "drop_full_nec_ci": {
        "mean": 0.012409759579768271,