{
  "q_index": 13,
  "backbone_nodes": [
    "MLP11",
    "L17H8",
    "MLP20",
    "L20H5",
    "L21H1",
    "L21H12",
    "MLP22",
    "L23H6",
    "L24H6",
    "MLP27"
  ],
  "orig_nodes": [
    "MLP6",
    "MLP8",
    "L12H5",
    "L13H11",
    "MLP16",
    "L16H13",
    "L17H2",
    "L17H8",
    "MLP19",
    "L20H5",
    "L21H1",
    "L21H12",
    "L23H6",
    "L24H6",
    "MLP25",
    "MLP27"
  ],
  "refined_nodes": [
    "MLP11",
    "L16H13",
    "L17H2",
    "L17H8",
    "MLP19",
    "MLP20",
    "L20H5",
    "L21H1",
    "L21H12",
    "MLP22",
    "L23H6",
    "L24H6",
    "MLP27"
  ],
  "refined_edges": [
    [
      "Input Embed",
      "MLP11"
    ],
    [
      "Input Embed",
      "L16H13"
    ],
    [
      "MLP11",
      "L16H13"
    ],
    [
      "L16H13",
      "L17H2"
    ],
    [
      "MLP11",
      "L17H2"
    ],
    [
      "L16H13",
      "L17H8"
    ],
    [
      "MLP11",
      "L17H8"
    ],
    [
      "L17H8",
      "MLP19"
    ],
    [
      "L17H2",
      "MLP19"
    ],
    [
      "L17H8",
      "MLP20"
    ],
    [
      "MLP19",
      "MLP20"
    ],
    [
      "L17H8",
      "L20H5"
    ],
    [
      "MLP19",
      "L20H5"
    ],
    [
      "L20H5",
      "L21H1"
    ],
    [
      "L17H8",
      "L21H1"
    ],
    [
      "L20H5",
      "L21H12"
    ],
    [
      "L17H8",
      "L21H12"
    ],
    [
      "L21H12",
      "MLP22"
    ],
    [
      "L21H1",
      "MLP22"
    ],
    [
      "L21H12",
      "L23H6"
    ],
    [
      "L21H1",
      "L23H6"
    ],
    [
      "L21H12",
      "L24H6"
    ],
    [
      "L23H6",
      "L24H6"
    ],
    [
      "L21H12",
      "MLP27"
    ],
    [
      "L24H6",
      "MLP27"
    ],
    [
      "MLP27",
      "Residual Output: <tool_call>"
    ],
    [
      "L24H6",
      "Residual Output: <tool_call>"
    ],
    [
      "L23H6",
      "Residual Output: <tool_call>"
    ],
    [
      "MLP20",
      "L21H12"
    ],
    [
      "MLP22",
      "L23H6"
    ]
  ],
  "k_local": 3,
  "local_nodes": [
    "L17H2",
    "MLP19",
    "L16H13"
  ],
  "refined_suff_ratio_vs_gap": 1.0,
  "refined_necessity_ratio_vs_gap": 1.024390243902439,
  "orig_suff_ratio_vs_gap": 1.024390243902439,
  "orig_necessity_ratio_vs_gap": 1.024390243902439,
  "gap": 5.125,
  "ap_mode": "full"
}