{
  "n_pairs": 12,
  "pearson_jaccard_vs_suff_within_ratio": 0.35185684415207913,
  "spearman_jaccard_vs_suff_within_ratio": 0.3379631847096873,
  "pearson_jaccard_vs_delta_within_ratio": -0.04252468450019478,
  "spearman_jaccard_vs_delta_within_ratio": -0.14484136487558028
}