{
  "q_index": 23,
  "backbone_nodes": [
    "MLP11",
    "L17H8",
    "MLP20",
    "L20H5",
    "L21H1",
    "L21H12",
    "MLP22",
    "L23H6",
    "L24H6",
    "MLP27"
  ],
  "orig_nodes": [
    "MLP4",
    "L12H3",
    "MLP13",
    "L13H11",
    "L17H8",
    "L19H6",
    "MLP20",
    "L20H14",
    "L20H5",
    "L21H1",
    "L21H12",
    "MLP22",
    "L23H6",
    "L24H6",
    "MLP25",
    "MLP27"
  ],
  "refined_nodes": [
    "MLP11",
    "L17H8",
    "L19H6",
    "MLP20",
    "L20H14",
    "L20H5",
    "L21H1",
    "L21H12",
    "MLP22",
    "L23H6",
    "L24H6",
    "MLP25",
    "MLP27"
  ],
  "refined_edges": [
    [
      "Input Embed",
      "MLP11"
    ],
    [
      "Input Embed",
      "L17H8"
    ],
    [
      "MLP11",
      "L17H8"
    ],
    [
      "L17H8",
      "L19H6"
    ],
    [
      "MLP11",
      "L19H6"
    ],
    [
      "L17H8",
      "MLP20"
    ],
    [
      "L19H6",
      "MLP20"
    ],
    [
      "L17H8",
      "L20H14"
    ],
    [
      "L19H6",
      "L20H14"
    ],
    [
      "L17H8",
      "L20H5"
    ],
    [
      "L19H6",
      "L20H5"
    ],
    [
      "L20H5",
      "L21H1"
    ],
    [
      "L17H8",
      "L21H1"
    ],
    [
      "L20H5",
      "L21H12"
    ],
    [
      "L17H8",
      "L21H12"
    ],
    [
      "L21H1",
      "MLP22"
    ],
    [
      "L21H12",
      "MLP22"
    ],
    [
      "L21H1",
      "L23H6"
    ],
    [
      "L21H12",
      "L23H6"
    ],
    [
      "L21H1",
      "L24H6"
    ],
    [
      "L23H6",
      "L24H6"
    ],
    [
      "L24H6",
      "MLP25"
    ],
    [
      "L21H1",
      "MLP25"
    ],
    [
      "L21H1",
      "MLP27"
    ],
    [
      "L24H6",
      "MLP27"
    ],
    [
      "MLP27",
      "Residual Output: <tool_call>"
    ],
    [
      "MLP25",
      "Residual Output: <tool_call>"
    ],
    [
      "L24H6",
      "Residual Output: <tool_call>"
    ],
    [
      "MLP20",
      "L21H1"
    ],
    [
      "L20H14",
      "L21H1"
    ],
    [
      "MLP22",
      "L24H6"
    ]
  ],
  "k_local": 3,
  "local_nodes": [
    "L19H6",
    "L20H14",
    "MLP25"
  ],
  "refined_suff_ratio_vs_gap": 0.9183673469387755,
  "refined_necessity_ratio_vs_gap": 0.8979591836734694,
  "orig_suff_ratio_vs_gap": 0.8979591836734694,
  "orig_necessity_ratio_vs_gap": 0.8571428571428571,
  "gap": 6.125,
  "ap_mode": "full"
}