{
  "q_index": 133,
  "backbone_nodes": [
    "MLP11",
    "L17H8",
    "MLP20",
    "L20H5",
    "L21H1",
    "L21H12",
    "MLP22",
    "L23H6",
    "L24H6",
    "MLP27"
  ],
  "orig_nodes": [
    "MLP4",
    "L10H2",
    "L13H11",
    "MLP16",
    "L16H13",
    "L17H2",
    "L17H8",
    "MLP20",
    "L20H5",
    "L21H1",
    "L21H12",
    "MLP22",
    "L23H6",
    "L24H6",
    "MLP25",
    "MLP27"
  ],
  "refined_nodes": [
    "MLP11",
    "MLP16",
    "L16H13",
    "L17H2",
    "L17H8",
    "MLP20",
    "L20H5",
    "L21H1",
    "L21H12",
    "MLP22",
    "L23H6",
    "L24H6",
    "MLP25",
    "MLP27"
  ],
  "refined_edges": [
    [
      "Input Embed",
      "MLP11"
    ],
    [
      "Input Embed",
      "MLP16"
    ],
    [
      "MLP11",
      "MLP16"
    ],
    [
      "MLP11",
      "L16H13"
    ],
    [
      "L16H13",
      "L17H2"
    ],
    [
      "MLP16",
      "L17H2"
    ],
    [
      "L16H13",
      "L17H8"
    ],
    [
      "MLP16",
      "L17H8"
    ],
    [
      "L17H8",
      "MLP20"
    ],
    [
      "L16H13",
      "MLP20"
    ],
    [
      "L17H8",
      "L20H5"
    ],
    [
      "L16H13",
      "L20H5"
    ],
    [
      "L17H8",
      "L21H1"
    ],
    [
      "L20H5",
      "L21H1"
    ],
    [
      "L17H8",
      "L21H12"
    ],
    [
      "L20H5",
      "L21H12"
    ],
    [
      "L21H1",
      "MLP22"
    ],
    [
      "L21H12",
      "MLP22"
    ],
    [
      "L21H1",
      "L23H6"
    ],
    [
      "L21H12",
      "L23H6"
    ],
    [
      "L21H1",
      "L24H6"
    ],
    [
      "L23H6",
      "L24H6"
    ],
    [
      "L21H1",
      "MLP25"
    ],
    [
      "L24H6",
      "MLP25"
    ],
    [
      "L21H1",
      "MLP27"
    ],
    [
      "L23H6",
      "MLP27"
    ],
    [
      "MLP27",
      "Residual Output: <tool_call>"
    ],
    [
      "MLP25",
      "Residual Output: <tool_call>"
    ],
    [
      "L24H6",
      "Residual Output: <tool_call>"
    ],
    [
      "L17H2",
      "L21H1"
    ],
    [
      "MLP20",
      "L21H1"
    ],
    [
      "MLP22",
      "L23H6"
    ]
  ],
  "k_local": 4,
  "local_nodes": [
    "L16H13",
    "L17H2",
    "MLP25",
    "MLP16"
  ],
  "refined_suff_ratio_vs_gap": 1.054054054054054,
  "refined_necessity_ratio_vs_gap": 1.054054054054054,
  "orig_suff_ratio_vs_gap": 1.0810810810810811,
  "orig_necessity_ratio_vs_gap": 1.1081081081081081,
  "gap": 4.625,
  "ap_mode": "full"
}