{
  "q_index": 142,
  "backbone_nodes": [
    "MLP11",
    "L17H8",
    "MLP20",
    "L20H5",
    "L21H1",
    "L21H12",
    "MLP22",
    "L23H6",
    "L24H6",
    "MLP27"
  ],
  "orig_nodes": [
    "L3H4",
    "MLP5",
    "L6H8",
    "MLP8",
    "L10H2",
    "L12H14",
    "L16H13",
    "L17H8",
    "MLP19",
    "MLP20",
    "L20H5",
    "L21H1",
    "L21H12",
    "MLP22",
    "L23H6",
    "MLP27"
  ],
  "refined_nodes": [
    "MLP11",
    "L16H13",
    "L17H8",
    "MLP19",
    "MLP20",
    "L20H5",
    "L21H1",
    "L21H12",
    "MLP22",
    "L23H6",
    "L24H6",
    "MLP27"
  ],
  "refined_edges": [
    [
      "Input Embed",
      "MLP11"
    ],
    [
      "Input Embed",
      "L16H13"
    ],
    [
      "MLP11",
      "L16H13"
    ],
    [
      "L16H13",
      "L17H8"
    ],
    [
      "MLP11",
      "L17H8"
    ],
    [
      "L17H8",
      "MLP19"
    ],
    [
      "L16H13",
      "MLP19"
    ],
    [
      "L17H8",
      "MLP20"
    ],
    [
      "MLP19",
      "MLP20"
    ],
    [
      "L17H8",
      "L20H5"
    ],
    [
      "MLP19",
      "L20H5"
    ],
    [
      "L20H5",
      "L21H1"
    ],
    [
      "L17H8",
      "L21H1"
    ],
    [
      "L20H5",
      "L21H12"
    ],
    [
      "L17H8",
      "L21H12"
    ],
    [
      "L21H1",
      "MLP22"
    ],
    [
      "L21H12",
      "MLP22"
    ],
    [
      "L21H1",
      "L23H6"
    ],
    [
      "L21H12",
      "L23H6"
    ],
    [
      "L21H1",
      "L24H6"
    ],
    [
      "L21H12",
      "L24H6"
    ],
    [
      "L21H1",
      "MLP27"
    ],
    [
      "L21H12",
      "MLP27"
    ],
    [
      "MLP27",
      "Residual Output: <tool_call>"
    ],
    [
      "L24H6",
      "Residual Output: <tool_call>"
    ],
    [
      "L23H6",
      "Residual Output: <tool_call>"
    ],
    [
      "MLP20",
      "L21H1"
    ],
    [
      "MLP22",
      "L23H6"
    ]
  ],
  "k_local": 2,
  "local_nodes": [
    "L16H13",
    "MLP19"
  ],
  "refined_suff_ratio_vs_gap": 0.927536231884058,
  "refined_necessity_ratio_vs_gap": 0.8985507246376812,
  "orig_suff_ratio_vs_gap": 0.9130434782608695,
  "orig_necessity_ratio_vs_gap": 0.8985507246376812,
  "gap": 8.625,
  "ap_mode": "full"
}