{
  "n_pairs": 16,
  "pearson_jaccard_vs_suff_within_ratio": -0.1707156767026511,
  "spearman_jaccard_vs_suff_within_ratio": -0.12214096331049187,
  "pearson_jaccard_vs_delta_within_ratio": 0.6692657013097314,
  "spearman_jaccard_vs_delta_within_ratio": 0.6717752982077052
}