{
  "q_index": 117,
  "backbone_nodes": [
    "MLP11",
    "L17H8",
    "MLP20",
    "L20H5",
    "L21H1",
    "L21H12",
    "MLP22",
    "L23H6",
    "L24H6",
    "MLP27"
  ],
  "orig_nodes": [
    "MLP0",
    "L0H11",
    "L3H3",
    "MLP7",
    "MLP8",
    "L10H2",
    "L11H1",
    "L16H13",
    "L17H8",
    "MLP19",
    "MLP20",
    "L20H5",
    "L21H1",
    "L21H12",
    "L24H6",
    "MLP27"
  ],
  "refined_nodes": [
    "MLP7",
    "MLP11",
    "L16H13",
    "L17H8",
    "MLP20",
    "L20H5",
    "L21H1",
    "L21H12",
    "MLP22",
    "L23H6",
    "L24H6",
    "MLP27"
  ],
  "refined_edges": [
    [
      "Input Embed",
      "MLP7"
    ],
    [
      "Input Embed",
      "MLP11"
    ],
    [
      "MLP7",
      "MLP11"
    ],
    [
      "MLP7",
      "L16H13"
    ],
    [
      "MLP11",
      "L16H13"
    ],
    [
      "L16H13",
      "L17H8"
    ],
    [
      "MLP7",
      "L17H8"
    ],
    [
      "L17H8",
      "MLP20"
    ],
    [
      "L16H13",
      "MLP20"
    ],
    [
      "L17H8",
      "L20H5"
    ],
    [
      "L16H13",
      "L20H5"
    ],
    [
      "L20H5",
      "L21H1"
    ],
    [
      "MLP20",
      "L21H1"
    ],
    [
      "L20H5",
      "L21H12"
    ],
    [
      "MLP20",
      "L21H12"
    ],
    [
      "L21H12",
      "MLP22"
    ],
    [
      "L21H1",
      "MLP22"
    ],
    [
      "L21H12",
      "L23H6"
    ],
    [
      "L21H1",
      "L23H6"
    ],
    [
      "L21H12",
      "L24H6"
    ],
    [
      "L21H1",
      "L24H6"
    ],
    [
      "L24H6",
      "MLP27"
    ],
    [
      "L21H12",
      "MLP27"
    ],
    [
      "MLP27",
      "Residual Output: <tool_call>"
    ],
    [
      "L24H6",
      "Residual Output: <tool_call>"
    ],
    [
      "L23H6",
      "Residual Output: <tool_call>"
    ],
    [
      "MLP22",
      "L24H6"
    ]
  ],
  "k_local": 2,
  "local_nodes": [
    "L16H13",
    "MLP7"
  ],
  "refined_suff_ratio_vs_gap": 0.9152542372881356,
  "refined_necessity_ratio_vs_gap": 0.9322033898305084,
  "orig_suff_ratio_vs_gap": 0.8983050847457628,
  "orig_necessity_ratio_vs_gap": 0.8983050847457628,
  "gap": 7.375,
  "ap_mode": "full"
}