{
  "q_index": 48,
  "backbone_nodes": [
    "MLP11",
    "L17H8",
    "MLP20",
    "L20H5",
    "L21H1",
    "L21H12",
    "MLP22",
    "L23H6",
    "L24H6",
    "MLP27"
  ],
  "orig_nodes": [
    "L4H4",
    "L4H6",
    "MLP6",
    "L11H5",
    "MLP13",
    "L13H11",
    "L17H8",
    "MLP19",
    "L20H5",
    "L21H1",
    "L21H12",
    "MLP22",
    "L23H6",
    "L24H6",
    "MLP25",
    "MLP27"
  ],
  "refined_nodes": [
    "MLP11",
    "L17H8",
    "MLP19",
    "MLP20",
    "L20H5",
    "L21H1",
    "L21H12",
    "MLP22",
    "L23H6",
    "L24H6",
    "MLP25",
    "MLP27"
  ],
  "refined_edges": [
    [
      "Input Embed",
      "MLP11"
    ],
    [
      "Input Embed",
      "L17H8"
    ],
    [
      "MLP11",
      "L17H8"
    ],
    [
      "L17H8",
      "MLP19"
    ],
    [
      "MLP11",
      "MLP19"
    ],
    [
      "L17H8",
      "MLP20"
    ],
    [
      "MLP19",
      "MLP20"
    ],
    [
      "L17H8",
      "L20H5"
    ],
    [
      "MLP19",
      "L20H5"
    ],
    [
      "L20H5",
      "L21H1"
    ],
    [
      "L17H8",
      "L21H1"
    ],
    [
      "L20H5",
      "L21H12"
    ],
    [
      "L17H8",
      "L21H12"
    ],
    [
      "L21H12",
      "MLP22"
    ],
    [
      "L21H1",
      "MLP22"
    ],
    [
      "L21H12",
      "L23H6"
    ],
    [
      "L21H1",
      "L23H6"
    ],
    [
      "L21H12",
      "L24H6"
    ],
    [
      "L21H1",
      "L24H6"
    ],
    [
      "L24H6",
      "MLP25"
    ],
    [
      "L21H12",
      "MLP25"
    ],
    [
      "L21H12",
      "MLP27"
    ],
    [
      "L24H6",
      "MLP27"
    ],
    [
      "MLP27",
      "Residual Output: <tool_call>"
    ],
    [
      "MLP25",
      "Residual Output: <tool_call>"
    ],
    [
      "L24H6",
      "Residual Output: <tool_call>"
    ],
    [
      "MLP20",
      "L21H12"
    ],
    [
      "MLP22",
      "L24H6"
    ],
    [
      "L23H6",
      "L24H6"
    ]
  ],
  "k_local": 2,
  "local_nodes": [
    "MLP19",
    "MLP25"
  ],
  "refined_suff_ratio_vs_gap": 0.9661016949152542,
  "refined_necessity_ratio_vs_gap": 0.9661016949152542,
  "orig_suff_ratio_vs_gap": 0.9322033898305084,
  "orig_necessity_ratio_vs_gap": 0.9152542372881356,
  "gap": 7.375,
  "ap_mode": "full"
}