{
  "n_pairs": 42,
  "pearson_jaccard_vs_suff_within_ratio": -0.02116236866654295,
  "spearman_jaccard_vs_suff_within_ratio": -0.045601840347383994,
  "pearson_jaccard_vs_delta_within_ratio": -0.10827796422489641,
  "spearman_jaccard_vs_delta_within_ratio": -0.08366618642247312
}