source,within_suff_median,cross_suff_median_mean,cross_over_within_suff,within_delta_median,cross_delta_median_mean,cross_over_within_delta
cluster_0,0.7954545454545454,0.8139797789754916,1.023288864997761,0.7636363636363637,0.7024945480500085,0.919933336732154
cluster_6,0.8840579710144928,0.8289554399200831,0.9376709074505858,0.6956521739130436,0.6909425311349656,0.993229888506513
cluster_12,0.8040313549832027,0.7550212551850316,0.9390445416159238,0.7156862745098038,0.6520719127499137,0.9111141794587837
cluster_8,0.8493150684931506,0.8073435312129847,0.9505818996539982,0.72,0.7431913344726597,1.032210186767583
cluster_2,0.7924528301886793,0.9315708472283166,1.1755536881690662,0.7192982456140351,0.8428939017743865,1.1718281073448789
cluster_10,0.6941256830601092,0.8606108212458138,1.2398486934696629,0.6946946946946947,0.7956156513933594,1.1452738267175304
cluster_1,0.8768942770547334,0.8423854976798119,0.9606465907260475,0.7389244558258643,0.7680727079592353,1.039446863483214
