{
  "q_index": 64,
  "backbone_nodes": [
    "MLP11",
    "L17H8",
    "MLP20",
    "L20H5",
    "L21H1",
    "L21H12",
    "MLP22",
    "L23H6",
    "L24H6",
    "MLP27"
  ],
  "orig_nodes": [
    "MLP1",
    "MLP4",
    "L4H6",
    "L5H7",
    "MLP9",
    "L11H6",
    "L12H14",
    "L16H13",
    "L17H8",
    "MLP20",
    "L20H5",
    "L21H1",
    "L21H12",
    "L24H6",
    "MLP26",
    "MLP27"
  ],
  "refined_nodes": [
    "MLP11",
    "L17H8",
    "MLP20",
    "L20H5",
    "L21H1",
    "L21H12",
    "MLP22",
    "L23H6",
    "L24H6",
    "MLP27"
  ],
  "refined_edges": [
    [
      "Input Embed",
      "MLP11"
    ],
    [
      "Input Embed",
      "L17H8"
    ],
    [
      "MLP11",
      "L17H8"
    ],
    [
      "L17H8",
      "MLP20"
    ],
    [
      "MLP11",
      "MLP20"
    ],
    [
      "L17H8",
      "L20H5"
    ],
    [
      "MLP11",
      "L20H5"
    ],
    [
      "MLP20",
      "L21H1"
    ],
    [
      "L20H5",
      "L21H1"
    ],
    [
      "MLP20",
      "L21H12"
    ],
    [
      "L20H5",
      "L21H12"
    ],
    [
      "L21H1",
      "MLP22"
    ],
    [
      "L21H12",
      "MLP22"
    ],
    [
      "L21H1",
      "L23H6"
    ],
    [
      "L21H12",
      "L23H6"
    ],
    [
      "L21H1",
      "L24H6"
    ],
    [
      "L21H12",
      "L24H6"
    ],
    [
      "L21H1",
      "MLP27"
    ],
    [
      "L24H6",
      "MLP27"
    ],
    [
      "MLP27",
      "Residual Output: <tool_call>"
    ],
    [
      "L24H6",
      "Residual Output: <tool_call>"
    ],
    [
      "L23H6",
      "Residual Output: <tool_call>"
    ],
    [
      "MLP22",
      "L24H6"
    ]
  ],
  "k_local": 0,
  "local_nodes": [],
  "refined_suff_ratio_vs_gap": 1.105263157894737,
  "refined_necessity_ratio_vs_gap": 1.236842105263158,
  "orig_suff_ratio_vs_gap": 1.236842105263158,
  "orig_necessity_ratio_vs_gap": 1.4473684210526316,
  "gap": 4.75,
  "ap_mode": "full"
}