{
  "q_index": 126,
  "backbone_nodes": [
    "MLP11",
    "L17H8",
    "MLP20",
    "L20H5",
    "L21H1",
    "L21H12",
    "MLP22",
    "L23H6",
    "L24H6",
    "MLP27"
  ],
  "orig_nodes": [
    "MLP3",
    "L3H12",
    "L4H0",
    "MLP5",
    "L8H14",
    "L9H13",
    "MLP11",
    "L17H8",
    "MLP18",
    "L20H5",
    "L21H1",
    "L21H12",
    "MLP22",
    "L23H6",
    "L24H6",
    "MLP27"
  ],
  "refined_nodes": [
    "MLP5",
    "MLP11",
    "L17H8",
    "MLP18",
    "MLP20",
    "L20H5",
    "L21H1",
    "L21H12",
    "MLP22",
    "L23H6",
    "L24H6",
    "MLP27"
  ],
  "refined_edges": [
    [
      "Input Embed",
      "MLP5"
    ],
    [
      "Input Embed",
      "MLP11"
    ],
    [
      "MLP5",
      "MLP11"
    ],
    [
      "MLP11",
      "L17H8"
    ],
    [
      "MLP5",
      "L17H8"
    ],
    [
      "L17H8",
      "MLP18"
    ],
    [
      "MLP11",
      "MLP18"
    ],
    [
      "L17H8",
      "MLP20"
    ],
    [
      "MLP18",
      "MLP20"
    ],
    [
      "L17H8",
      "L20H5"
    ],
    [
      "MLP18",
      "L20H5"
    ],
    [
      "L20H5",
      "L21H1"
    ],
    [
      "L17H8",
      "L21H1"
    ],
    [
      "L20H5",
      "L21H12"
    ],
    [
      "L17H8",
      "L21H12"
    ],
    [
      "L21H1",
      "MLP22"
    ],
    [
      "L21H12",
      "MLP22"
    ],
    [
      "L21H1",
      "L23H6"
    ],
    [
      "L21H12",
      "L23H6"
    ],
    [
      "L21H1",
      "L24H6"
    ],
    [
      "L21H12",
      "L24H6"
    ],
    [
      "L24H6",
      "MLP27"
    ],
    [
      "L21H1",
      "MLP27"
    ],
    [
      "MLP27",
      "Residual Output: <tool_call>"
    ],
    [
      "L24H6",
      "Residual Output: <tool_call>"
    ],
    [
      "L23H6",
      "Residual Output: <tool_call>"
    ],
    [
      "MLP20",
      "L21H1"
    ],
    [
      "MLP22",
      "L24H6"
    ]
  ],
  "k_local": 2,
  "local_nodes": [
    "MLP5",
    "MLP18"
  ],
  "refined_suff_ratio_vs_gap": 0.9464285714285714,
  "refined_necessity_ratio_vs_gap": 0.9821428571428571,
  "orig_suff_ratio_vs_gap": 0.9642857142857143,
  "orig_necessity_ratio_vs_gap": 0.9821428571428571,
  "gap": 7.0,
  "ap_mode": "full"
}