{
  "n_input_samples": 139,
  "n_analyzed_samples": 139,
  "analyzed_q_indices": [
    1,
    2,
    3,
    4,
    5,
    6,
    7,
    8,
    9,
    10,
    11,
    13,
    14,
    15,
    16,
    17,
    18,
    19,
    20,
    21,
    22,
    23,
    25,
    26,
    27,
    28,
    30,
    31,
    32,
    33,
    36,
    37,
    38,
    39,
    41,
    42,
    43,
    44,
    46,
    47,
    48,
    49,
    50,
    53,
    54,
    55,
    56,
    57,
    58,
    59,
    60,
    61,
    62,
    63,
    64,
    65,
    67,
    68,
    70,
    71,
    72,
    73,
    74,
    75,
    76,
    77,
    78,
    81,
    82,
    83,
    84,
    85,
    87,
    88,
    89,
    90,
    91,
    92,
    94,
    95,
    96,
    97,
    98,
    100,
    101,
    102,
    103,
    104,
    105,
    106,
    107,
    108,
    109,
    111,
    112,
    113,
    115,
    117,
    118,
    119,
    120,
    121,
    122,
    123,
    124,
    126,
    129,
    130,
    131,
    133,
    134,
    135,
    136,
    137,
    138,
    139,
    140,
    141,
    142,
    143,
    144,
    145,
    146,
    147,
    148,
    149,
    150,
    151,
    152,
    153,
    155,
    156,
    157,
    158,
    159,
    161,
    162,
    163,
    164
  ],
  "skipped_q_indices": [],
  "gap_min": 0.5,
  "bootstrap": 1000,
  "seed": 123,
  "core_nodes": [
    "MLP11",
    "L17H8",
    "MLP20",
    "L20H5",
    "L21H1",
    "L21H12",
    "MLP22",
    "L23H6",
    "L24H6",
    "MLP27"
  ],
  "summary_rows": [
    {
      "node": "MLP11",
      "node_role": "Aux MLP",
      "n_samples": 139,
      "node_suff_median": 0.1,
      "node_suff_mean": 0.08464180703833385,
      "node_suff_ci": {
        "mean": 0.09823405851170323,
        "lo": 0.07894736842105263,
        "hi": 0.13114754098360656
      },
      "node_nec_median": 0.10909090909090909,
      "node_nec_mean": 0.10753551096628162,
      "node_nec_ci": {
        "mean": 0.1134190155423733,
        "lo": 0.09836065573770492,
        "hi": 0.1323529411764706
      },
      "minus_node_suff_median": 0.8977272727272727,
      "minus_node_nec_median": 0.9111111111111111,
      "drop_full_suff_median": 0.015151515151515138,
      "drop_full_suff_ci": {
        "mean": 0.014536494260692536,
        "lo": 0.008403361344537896,
        "hi": 0.0185185185185186
      },
      "drop_full_nec_median": 0.015151515151515138,
      "drop_full_nec_ci": {
        "mean": 0.013655429882307503,
        "lo": 0.0,
        "hi": 0.0185185185185186
      },
      "rank_drop_full_nec": 6,
      "rank_node_suff": 10
    },
    {
      "node": "L17H8",
      "node_role": "Format Router / Target+Suppressor",
      "n_samples": 139,
      "node_suff_median": 0.379746835443038,
      "node_suff_mean": 0.3951254827154277,
      "node_suff_ci": {
        "mean": 0.38017921935562893,
        "lo": 0.3698630136986301,
        "hi": 0.391304347826087
      },
      "node_nec_median": 0.29508196721311475,
      "node_nec_mean": 0.3123988303327522,
      "node_nec_ci": {
        "mean": 0.2945764186817259,
        "lo": 0.2835820895522388,
        "hi": 0.3050847457627119
      },
      "minus_node_suff_median": 0.8727272727272727,
      "minus_node_nec_median": 0.8846153846153846,
      "drop_full_suff_median": 0.03571428571428581,
      "drop_full_suff_ci": {
        "mean": 0.035018068816634135,
        "lo": 0.027027027027027084,
        "hi": 0.040000000000000036
      },
      "drop_full_nec_median": 0.040000000000000036,
      "drop_full_nec_ci": {
        "mean": 0.0400998126192811,
        "lo": 0.03658536585365857,
        "hi": 0.04477611940298509
      },
      "rank_drop_full_nec": 2,
      "rank_node_suff": 3
    },
    {
      "node": "MLP20",
      "node_role": "Aux MLP",
      "n_samples": 139,
      "node_suff_median": 0.11475409836065574,
      "node_suff_mean": 0.11699194829298283,
      "node_suff_ci": {
        "mean": 0.11626543985057773,
        "lo": 0.10416666666666667,
        "hi": 0.12962962962962962
      },
      "node_nec_median": 0.057971014492753624,
      "node_nec_mean": 0.060680123600864506,
      "node_nec_ci": {
        "mean": 0.058252208027467035,
        "lo": 0.04838709677419355,
        "hi": 0.07142857142857142
      },
      "minus_node_suff_median": 0.9459459459459459,
      "minus_node_nec_median": 0.9594594594594594,
      "drop_full_suff_median": -0.032786885245901676,
      "drop_full_suff_ci": {
        "mean": -0.03356993744249142,
        "lo": -0.04255319148936165,
        "hi": -0.025000000000000133
      },
      "drop_full_nec_median": -0.03703703703703698,
      "drop_full_nec_ci": {
        "mean": -0.03623245656240067,
        "lo": -0.04255319148936165,
        "hi": -0.027027027027026973
      },
      "rank_drop_full_nec": 10,
      "rank_node_suff": 9
    },
    {
      "node": "L20H5",
      "node_role": "Query Reader / Distractor Suppressor",
      "n_samples": 139,
      "node_suff_median": 0.2878787878787879,
      "node_suff_mean": 0.30916365061356826,
      "node_suff_ci": {
        "mean": 0.28884885321482423,
        "lo": 0.27941176470588236,
        "hi": 0.30434782608695654
      },
      "node_nec_median": 0.19402985074626866,
      "node_nec_mean": 0.21500133695218668,
      "node_nec_ci": {
        "mean": 0.1941999555553802,
        "lo": 0.18518518518518517,
        "hi": 0.20168067226890757
      },
      "minus_node_suff_median": 0.8888888888888888,
      "minus_node_nec_median": 0.9038461538461539,
      "drop_full_suff_median": 0.01754385964912275,
      "drop_full_suff_ci": {
        "mean": 0.016921957605269464,
        "lo": 0.014084507042253502,
        "hi": 0.019230769230769273
      },
      "drop_full_nec_median": 0.018181818181818188,
      "drop_full_nec_ci": {
        "mean": 0.017961119922873962,
        "lo": 0.014925373134328401,
        "hi": 0.020000000000000018
      },
      "rank_drop_full_nec": 5,
      "rank_node_suff": 7
    },
    {
      "node": "L21H1",
      "node_role": "Format Router / Target+Suppressor",
      "n_samples": 139,
      "node_suff_median": 0.48148148148148145,
      "node_suff_mean": 0.5024837976038254,
      "node_suff_ci": {
        "mean": 0.48047954603798276,
        "lo": 0.46551724137931033,
        "hi": 0.5
      },
      "node_nec_median": 0.234375,
      "node_nec_mean": 0.26157344776544034,
      "node_nec_ci": {
        "mean": 0.23591094045313127,
        "lo": 0.2236842105263158,
        "hi": 0.2459016393442623
      },
      "minus_node_suff_median": 0.8767123287671232,
      "minus_node_nec_median": 0.8902439024390244,
      "drop_full_suff_median": 0.02941176470588236,
      "drop_full_suff_ci": {
        "mean": 0.02946995304376905,
        "lo": 0.025316455696202556,
        "hi": 0.032786885245901676
      },
      "drop_full_nec_median": 0.036363636363636376,
      "drop_full_nec_ci": {
        "mean": 0.03587186962713611,
        "lo": 0.02941176470588236,
        "hi": 0.04081632653061218
      },
      "rank_drop_full_nec": 3,
      "rank_node_suff": 2
    },
    {
      "node": "L21H12",
      "node_role": "Format Router / Target+Suppressor",
      "n_samples": 139,
      "node_suff_median": 0.48484848484848486,
      "node_suff_mean": 0.49540367776856054,
      "node_suff_ci": {
        "mean": 0.4826934602952421,
        "lo": 0.4634146341463415,
        "hi": 0.5
      },
      "node_nec_median": 0.23684210526315788,
      "node_nec_mean": 0.2609555162232567,
      "node_nec_ci": {
        "mean": 0.23760041862861267,
        "lo": 0.22448979591836735,
        "hi": 0.2535211267605634
      },
      "minus_node_suff_median": 0.8518518518518519,
      "minus_node_nec_median": 0.8360655737704918,
      "drop_full_suff_median": 0.05660377358490565,
      "drop_full_suff_ci": {
        "mean": 0.057450229149816956,
        "lo": 0.05263157894736836,
        "hi": 0.06153846153846154
      },
      "drop_full_nec_median": 0.08333333333333337,
      "drop_full_nec_ci": {
        "mean": 0.08415786493605851,