{
  "q_index": 148,
  "backbone_nodes": [
    "MLP11",
    "L17H8",
    "MLP20",
    "L20H5",
    "L21H1",
    "L21H12",
    "MLP22",
    "L23H6",
    "L24H6",
    "MLP27"
  ],
  "orig_nodes": [
    "MLP3",
    "MLP7",
    "MLP8",
    "L11H4",
    "L11H9",
    "L16H7",
    "L17H8",
    "L18H15",
    "MLP20",
    "L20H5",
    "L21H1",
    "L21H12",
    "MLP22",
    "L23H6",
    "L24H6",
    "MLP27"
  ],
  "refined_nodes": [
    "MLP11",
    "L16H7",
    "L17H8",
    "L18H15",
    "MLP20",
    "L20H5",
    "L21H1",
    "L21H12",
    "MLP22",
    "L23H6",
    "L24H6",
    "MLP27"
  ],
  "refined_edges": [
    [
      "Input Embed",
      "MLP11"
    ],
    [
      "Input Embed",
      "L16H7"
    ],
    [
      "MLP11",
      "L16H7"
    ],
    [
      "L16H7",
      "L17H8"
    ],
    [
      "MLP11",
      "L17H8"
    ],
    [
      "L17H8",
      "L18H15"
    ],
    [
      "L16H7",
      "L18H15"
    ],
    [
      "L17H8",
      "MLP20"
    ],
    [
      "L18H15",
      "MLP20"
    ],
    [
      "L17H8",
      "L20H5"
    ],
    [
      "L18H15",
      "L20H5"
    ],
    [
      "L20H5",
      "L21H1"
    ],
    [
      "MLP20",
      "L21H1"
    ],
    [
      "L20H5",
      "L21H12"
    ],
    [
      "MLP20",
      "L21H12"
    ],
    [
      "L21H1",
      "MLP22"
    ],
    [
      "L21H12",
      "MLP22"
    ],
    [
      "L21H1",
      "L23H6"
    ],
    [
      "L21H12",
      "L23H6"
    ],
    [
      "L21H1",
      "L24H6"
    ],
    [
      "L21H12",
      "L24H6"
    ],
    [
      "L21H1",
      "MLP27"
    ],
    [
      "L24H6",
      "MLP27"
    ],
    [
      "MLP27",
      "Residual Output: <tool_call>"
    ],
    [
      "L24H6",
      "Residual Output: <tool_call>"
    ],
    [
      "L23H6",
      "Residual Output: <tool_call>"
    ],
    [
      "MLP22",
      "L24H6"
    ]
  ],
  "k_local": 2,
  "local_nodes": [
    "L18H15",
    "L16H7"
  ],
  "refined_suff_ratio_vs_gap": 0.9534883720930233,
  "refined_necessity_ratio_vs_gap": 1.0232558139534884,
  "orig_suff_ratio_vs_gap": 0.9534883720930233,
  "orig_necessity_ratio_vs_gap": 1.0465116279069768,
  "gap": 5.375,
  "ap_mode": "full"
}