{
  "q_index": 153,
  "backbone_nodes": [
    "MLP11",
    "L17H8",
    "MLP20",
    "L20H5",
    "L21H1",
    "L21H12",
    "MLP22",
    "L23H6",
    "L24H6",
    "MLP27"
  ],
  "orig_nodes": [
    "MLP1",
    "L4H8",
    "L6H0",
    "MLP8",
    "L10H2",
    "L11H1",
    "MLP16",
    "L17H2",
    "MLP20",
    "L20H5",
    "L21H1",
    "L21H12",
    "MLP22",
    "L23H6",
    "L24H6",
    "MLP27"
  ],
  "refined_nodes": [
    "MLP11",
    "MLP16",
    "L17H2",
    "L17H8",
    "MLP20",
    "L20H5",
    "L21H1",
    "L21H12",
    "MLP22",
    "L23H6",
    "L24H6",
    "MLP27"
  ],
  "refined_edges": [
    [
      "Input Embed",
      "MLP11"
    ],
    [
      "Input Embed",
      "MLP16"
    ],
    [
      "MLP11",
      "MLP16"
    ],
    [
      "MLP16",
      "L17H2"
    ],
    [
      "MLP11",
      "L17H2"
    ],
    [
      "MLP16",
      "L17H8"
    ],
    [
      "MLP11",
      "L17H8"
    ],
    [
      "L17H2",
      "MLP20"
    ],
    [
      "MLP16",
      "MLP20"
    ],
    [
      "L17H2",
      "L20H5"
    ],
    [
      "MLP16",
      "L20H5"
    ],
    [
      "L20H5",
      "L21H1"
    ],
    [
      "MLP20",
      "L21H1"
    ],
    [
      "L20H5",
      "L21H12"
    ],
    [
      "MLP20",
      "L21H12"
    ],
    [
      "L21H1",
      "MLP22"
    ],
    [
      "L21H12",
      "MLP22"
    ],
    [
      "L21H1",
      "L23H6"
    ],
    [
      "L21H12",
      "L23H6"
    ],
    [
      "L21H1",
      "L24H6"
    ],
    [
      "L23H6",
      "L24H6"
    ],
    [
      "L21H1",
      "MLP27"
    ],
    [
      "L21H12",
      "MLP27"
    ],
    [
      "MLP27",
      "Residual Output: <tool_call>"
    ],
    [
      "L24H6",
      "Residual Output: <tool_call>"
    ],
    [
      "L23H6",
      "Residual Output: <tool_call>"
    ],
    [
      "L17H8",
      "L21H1"
    ],
    [
      "MLP22",
      "L23H6"
    ]
  ],
  "k_local": 2,
  "local_nodes": [
    "L17H2",
    "MLP16"
  ],
  "refined_suff_ratio_vs_gap": 0.9552238805970149,
  "refined_necessity_ratio_vs_gap": 0.9402985074626866,
  "orig_suff_ratio_vs_gap": 0.9402985074626866,
  "orig_necessity_ratio_vs_gap": 0.9402985074626866,
  "gap": 8.375,
  "ap_mode": "full"
}