{
  "q_index": 62,
  "backbone_nodes": [
    "MLP11",
    "L17H8",
    "MLP20",
    "L20H5",
    "L21H1",
    "L21H12",
    "MLP22",
    "L23H6",
    "L24H6",
    "MLP27"
  ],
  "orig_nodes": [
    "MLP4",
    "L6H0",
    "L6H9",
    "L8H14",
    "L10H2",
    "MLP11",
    "MLP16",
    "L17H8",
    "L20H14",
    "L20H5",
    "L21H1",
    "L21H12",
    "MLP22",
    "L23H6",
    "MLP25",
    "MLP27"
  ],
  "refined_nodes": [
    "MLP11",
    "MLP16",
    "L17H8",
    "MLP20",
    "L20H14",
    "L20H5",
    "L21H1",
    "L21H12",
    "MLP22",
    "L23H6",
    "L24H6",
    "MLP27"
  ],
  "refined_edges": [
    [
      "Input Embed",
      "MLP11"
    ],
    [
      "Input Embed",
      "MLP16"
    ],
    [
      "MLP11",
      "MLP16"
    ],
    [
      "MLP16",
      "L17H8"
    ],
    [
      "MLP11",
      "L17H8"
    ],
    [
      "L17H8",
      "MLP20"
    ],
    [
      "MLP16",
      "MLP20"
    ],
    [
      "L17H8",
      "L20H14"
    ],
    [
      "MLP16",
      "L20H14"
    ],
    [
      "L17H8",
      "L20H5"
    ],
    [
      "MLP16",
      "L20H5"
    ],
    [
      "L20H5",
      "L21H1"
    ],
    [
      "L20H14",
      "L21H1"
    ],
    [
      "L20H5",
      "L21H12"
    ],
    [
      "L20H14",
      "L21H12"
    ],
    [
      "L21H12",
      "MLP22"
    ],
    [
      "L21H1",
      "MLP22"
    ],
    [
      "L21H12",
      "L23H6"
    ],
    [
      "L21H1",
      "L23H6"
    ],
    [
      "L21H12",
      "L24H6"
    ],
    [
      "L23H6",
      "L24H6"
    ],
    [
      "L21H12",
      "MLP27"
    ],
    [
      "L21H1",
      "MLP27"
    ],
    [
      "MLP27",
      "Residual Output: <tool_call>"
    ],
    [
      "L24H6",
      "Residual Output: <tool_call>"
    ],
    [
      "L23H6",
      "Residual Output: <tool_call>"
    ],
    [
      "MLP20",
      "L21H12"
    ],
    [
      "MLP22",
      "L23H6"
    ]
  ],
  "k_local": 2,
  "local_nodes": [
    "MLP16",
    "L20H14"
  ],
  "refined_suff_ratio_vs_gap": 1.0,
  "refined_necessity_ratio_vs_gap": 1.0285714285714285,
  "orig_suff_ratio_vs_gap": 1.0857142857142856,
  "orig_necessity_ratio_vs_gap": 1.1142857142857143,
  "gap": 4.375,
  "ap_mode": "full"
}