{
  "q_index": 54,
  "backbone_nodes": [
    "MLP11",
    "L17H8",
    "MLP20",
    "L20H5",
    "L21H1",
    "L21H12",
    "MLP22",
    "L23H6",
    "L24H6",
    "MLP27"
  ],
  "orig_nodes": [
    "MLP5",
    "L5H15",
    "L6H4",
    "L7H13",
    "MLP11",
    "L13H11",
    "L17H8",
    "MLP19",
    "MLP20",
    "L20H14",
    "L20H5",
    "L21H1",
    "L21H12",
    "MLP22",
    "L23H6",
    "MLP27"
  ],
  "refined_nodes": [
    "MLP11",
    "L17H8",
    "MLP20",
    "L20H5",
    "L21H1",
    "L21H12",
    "MLP22",
    "L23H6",
    "L24H6",
    "MLP27"
  ],
  "refined_edges": [
    [
      "Input Embed",
      "MLP11"
    ],
    [
      "Input Embed",
      "L17H8"
    ],
    [
      "MLP11",
      "L17H8"
    ],
    [
      "L17H8",
      "MLP20"
    ],
    [
      "MLP11",
      "MLP20"
    ],
    [
      "L17H8",
      "L20H5"
    ],
    [
      "MLP11",
      "L20H5"
    ],
    [
      "L20H5",
      "L21H1"
    ],
    [
      "MLP20",
      "L21H1"
    ],
    [
      "L20H5",
      "L21H12"
    ],
    [
      "MLP20",
      "L21H12"
    ],
    [
      "L21H1",
      "MLP22"
    ],
    [
      "L21H12",
      "MLP22"
    ],
    [
      "L21H1",
      "L23H6"
    ],
    [
      "L21H12",
      "L23H6"
    ],
    [
      "L23H6",
      "L24H6"
    ],
    [
      "L21H1",
      "L24H6"
    ],
    [
      "L21H1",
      "MLP27"
    ],
    [
      "L21H12",
      "MLP27"
    ],
    [
      "MLP27",
      "Residual Output: <tool_call>"
    ],
    [
      "L24H6",
      "Residual Output: <tool_call>"
    ],
    [
      "L23H6",
      "Residual Output: <tool_call>"
    ],
    [
      "MLP22",
      "MLP27"
    ]
  ],
  "k_local": 0,
  "local_nodes": [],
  "refined_suff_ratio_vs_gap": 0.8918918918918919,
  "refined_necessity_ratio_vs_gap": 0.8783783783783784,
  "orig_suff_ratio_vs_gap": 0.972972972972973,
  "orig_necessity_ratio_vs_gap": 0.9594594594594594,
  "gap": 9.25,
  "ap_mode": "full"
}