{
  "q_index": 75,
  "backbone_nodes": [
    "MLP11",
    "L17H8",
    "MLP20",
    "L20H5",
    "L21H1",
    "L21H12",
    "MLP22",
    "L23H6",
    "L24H6",
    "MLP27"
  ],
  "orig_nodes": [
    "L0H0",
    "MLP4",
    "L6H1",
    "MLP8",
    "L10H2",
    "L10H6",
    "MLP13",
    "L17H8",
    "MLP20",
    "L20H5",
    "L21H1",
    "L21H12",
    "MLP22",
    "L23H6",
    "L24H6",
    "MLP27"
  ],
  "refined_nodes": [
    "MLP11",
    "L17H8",
    "MLP20",
    "L20H5",
    "L21H1",
    "L21H12",
    "MLP22",
    "L23H6",
    "L24H6",
    "MLP27"
  ],
  "refined_edges": [
    [
      "Input Embed",
      "MLP11"
    ],
    [
      "Input Embed",
      "L17H8"
    ],
    [
      "MLP11",
      "L17H8"
    ],
    [
      "L17H8",
      "MLP20"
    ],
    [
      "MLP11",
      "MLP20"
    ],
    [
      "L17H8",
      "L20H5"
    ],
    [
      "MLP11",
      "L20H5"
    ],
    [
      "MLP20",
      "L21H1"
    ],
    [
      "L20H5",
      "L21H1"
    ],
    [
      "MLP20",
      "L21H12"
    ],
    [
      "L20H5",
      "L21H12"
    ],
    [
      "L21H1",
      "MLP22"
    ],
    [
      "L21H12",
      "MLP22"
    ],
    [
      "L21H1",
      "L23H6"
    ],
    [
      "L21H12",
      "L23H6"
    ],
    [
      "L21H1",
      "L24H6"
    ],
    [
      "L23H6",
      "L24H6"
    ],
    [
      "L24H6",
      "MLP27"
    ],
    [
      "L21H1",
      "MLP27"
    ],
    [
      "MLP27",
      "Residual Output: <tool_call>"
    ],
    [
      "L24H6",
      "Residual Output: <tool_call>"
    ],
    [
      "L23H6",
      "Residual Output: <tool_call>"
    ],
    [
      "MLP22",
      "L24H6"
    ]
  ],
  "k_local": 0,
  "local_nodes": [],
  "refined_suff_ratio_vs_gap": 0.9113924050632911,
  "refined_necessity_ratio_vs_gap": 0.9367088607594937,
  "orig_suff_ratio_vs_gap": 0.9367088607594937,
  "orig_necessity_ratio_vs_gap": 0.8987341772151899,
  "gap": 9.875,
  "ap_mode": "full"
}