{
  "q_index": 77,
  "backbone_nodes": [
    "MLP11",
    "L17H8",
    "MLP20",
    "L20H5",
    "L21H1",
    "L21H12",
    "MLP22",
    "L23H6",
    "L24H6",
    "MLP27"
  ],
  "orig_nodes": [
    "L3H12",
    "MLP5",
    "L6H8",
    "MLP8",
    "L9H5",
    "L10H2",
    "MLP16",
    "L17H2",
    "L17H8",
    "L21H1",
    "L21H12",
    "MLP22",
    "L23H6",
    "L24H6",
    "MLP25",
    "MLP27"
  ],
  "refined_nodes": [
    "MLP11",
    "MLP16",
    "L17H2",
    "L17H8",
    "MLP20",
    "L20H5",
    "L21H1",
    "L21H12",
    "MLP22",
    "L23H6",
    "L24H6",
    "MLP25",
    "MLP27"
  ],
  "refined_edges": [
    [
      "Input Embed",
      "MLP11"
    ],
    [
      "Input Embed",
      "MLP16"
    ],
    [
      "MLP11",
      "MLP16"
    ],
    [
      "MLP16",
      "L17H2"
    ],
    [
      "MLP11",
      "L17H2"
    ],
    [
      "MLP16",
      "L17H8"
    ],
    [
      "MLP11",
      "L17H8"
    ],
    [
      "L17H8",
      "MLP20"
    ],
    [
      "L17H2",
      "MLP20"
    ],
    [
      "L17H8",
      "L20H5"
    ],
    [
      "L17H2",
      "L20H5"
    ],
    [
      "L17H8",
      "L21H1"
    ],
    [
      "L17H2",
      "L21H1"
    ],
    [
      "L17H8",
      "L21H12"
    ],
    [
      "L17H2",
      "L21H12"
    ],
    [
      "L21H12",
      "MLP22"
    ],
    [
      "L21H1",
      "MLP22"
    ],
    [
      "L21H12",
      "L23H6"
    ],
    [
      "L21H1",
      "L23H6"
    ],
    [
      "L23H6",
      "L24H6"
    ],
    [
      "L21H12",
      "L24H6"
    ],
    [
      "L24H6",
      "MLP25"
    ],
    [
      "L21H12",
      "MLP25"
    ],
    [
      "L21H12",
      "MLP27"
    ],
    [
      "L21H1",
      "MLP27"
    ],
    [
      "MLP27",
      "Residual Output: <tool_call>"
    ],
    [
      "MLP25",
      "Residual Output: <tool_call>"
    ],
    [
      "L24H6",
      "Residual Output: <tool_call>"
    ],
    [
      "MLP20",
      "L21H12"
    ],
    [
      "L20H5",
      "L21H12"
    ],
    [
      "MLP22",
      "L23H6"
    ]
  ],
  "k_local": 3,
  "local_nodes": [
    "L17H2",
    "MLP25",
    "MLP16"
  ],
  "refined_suff_ratio_vs_gap": 0.9787234042553191,
  "refined_necessity_ratio_vs_gap": 0.9361702127659575,
  "orig_suff_ratio_vs_gap": 0.9148936170212766,
  "orig_necessity_ratio_vs_gap": 0.8297872340425532,
  "gap": 5.875,
  "ap_mode": "full"
}