{
  "metric": "drop_full_nec",
  "baseline_label": "orig",
  "shifted_label": "system_json_pad",
  "n_common_rows": 1390,
  "n_common_q_indices": 139,
  "common_q_indices": [
    1,
    2,
    3,
    4,
    5,
    6,
    7,
    8,
    9,
    10,
    11,
    13,
    14,
    15,
    16,
    17,
    18,
    19,
    20,
    21,
    22,
    23,
    25,
    26,
    27,
    28,
    30,
    31,
    32,
    33,
    36,
    37,
    38,
    39,
    41,
    42,
    43,
    44,
    46,
    47,
    48,
    49,
    50,
    53,
    54,
    55,
    56,
    57,
    58,
    59,
    60,
    61,
    62,
    63,
    64,
    65,
    67,
    68,
    70,
    71,
    72,
    73,
    74,
    75,
    76,
    77,
    78,
    81,
    82,
    83,
    84,
    85,
    87,
    88,
    89,
    90,
    91,
    92,
    94,
    95,
    96,
    97,
    98,
    100,
    101,
    102,
    103,
    104,
    105,
    106,
    107,
    108,
    109,
    111,
    112,
    113,
    115,
    117,
    118,
    119,
    120,
    121,
    122,
    123,
    124,
    126,
    129,
    130,
    131,
    133,
    134,
    135,
    136,
    137,
    138,
    139,
    140,
    141,
    142,
    143,
    144,
    145,
    146,
    147,
    148,
    149,
    150,
    151,
    152,
    153,
    155,
    156,
    157,
    158,
    159,
    161,
    162,
    163,
    164
  ],
  "bootstrap": 2000,
  "seed": 123,
  "summary_rows": [
    {
      "node": "MLP20",
      "node_role": "Aux MLP",
      "n_pairs": 139,
      "baseline_median": -0.03703703703703698,
      "shifted_median": 0.0,
      "delta_median": 0.043156059285091475,
      "delta_mean": 0.043888159949787155,
      "delta_ci_lo": 0.03475258918296875,
      "delta_ci_hi": 0.05220125786163521
    },
    {
      "node": "MLP22",
      "node_role": "Support Suppressor MLP",
      "n_pairs": 139,
      "baseline_median": -0.020408163265306034,
      "shifted_median": 0.0,
      "delta_median": 0.020725779100877917,
      "delta_mean": 0.023035958199982137,
      "delta_ci_lo": 0.015000000000000124,
      "delta_ci_hi": 0.025249722530521712
    },
    {
      "node": "MLP11",
      "node_role": "Aux MLP",
      "n_pairs": 139,
      "baseline_median": 0.015151515151515138,
      "shifted_median": 0.02857142857142858,
      "delta_median": 0.01491901108269389,
      "delta_mean": 0.010155790724493994,
      "delta_ci_lo": 0.005341880341880323,
      "delta_ci_hi": 0.021768707482993088
    },
    {
      "node": "MLP27",
      "node_role": "Primary Writer MLP",
      "n_pairs": 139,
      "baseline_median": -0.022727272727272707,
      "shifted_median": -0.010869565217391353,
      "delta_median": 0.012857142857143011,
      "delta_mean": 0.01509121789694459,
      "delta_ci_lo": 0.0013605442176869431,
      "delta_ci_hi": 0.01871905940594054
    },
    {
      "node": "L24H6",
      "node_role": "Tool-Tag Reader / Distractor Suppressor",
      "n_pairs": 139,
      "baseline_median": 0.0,
      "shifted_median": 0.0,
      "delta_median": -0.004215456674473095,
      "delta_mean": -0.0030086733773718797,
      "delta_ci_lo": -0.013739266198282696,
      "delta_ci_hi": 0.0
    },
    {
      "node": "L21H1",
      "node_role": "Format Router / Target+Suppressor",
      "n_pairs": 139,
      "baseline_median": 0.036363636363636376,
      "shifted_median": 0.02941176470588225,
      "delta_median": -0.0060606060606061,
      "delta_mean": -0.007522027774523885,
      "delta_ci_lo": -0.01072124756335291,
      "delta_ci_hi": -1.1102230246251565e-16
    },
    {
      "node": "L17H8",
      "node_role": "Format Router / Target+Suppressor",
      "n_pairs": 139,
      "baseline_median": 0.040000000000000036,
      "shifted_median": 0.03125,
      "delta_median": -0.006666666666666599,
      "delta_mean": -0.015036151673470066,
      "delta_ci_lo": -0.01202346041055724,
      "delta_ci_hi": -0.002651113467656341
    },
    {
      "node": "L23H6",
      "node_role": "Format Router / Distractor Suppressor",
      "n_pairs": 139,
      "baseline_median": 0.022222222222222143,
      "shifted_median": 0.01666666666666672,
      "delta_median": -0.012258064516128986,
      "delta_mean": -0.009395881226420419,
      "delta_ci_lo": -0.01584385763490237,
      "delta_ci_hi": -0.005833333333333135
    },
    {
      "node": "L20H5",
      "node_role": "Query Reader / Distractor Suppressor",
      "n_pairs": 139,
      "baseline_median": 0.018181818181818188,
      "shifted_median": 0.0,
      "delta_median": -0.012462612163509412,
      "delta_mean": -0.008248046781175458,
      "delta_ci_lo": -0.015625,
      "delta_ci_hi": -0.003968253968253954
    },
    {
      "node": "L21H12",
      "node_role": "Format Router / Target+Suppressor",
      "n_pairs": 139,
      "baseline_median": 0.08333333333333337,
      "shifted_median": 0.0674157303370787,
      "delta_median": -0.01891447368421062,
      "delta_mean": -0.01859148491329981,
      "delta_ci_lo": -0.022716627634660425,
      "delta_ci_hi": -0.013753327417923789
    }
  ],
  "artifacts": {
    "summary_csv": "/root/data/XAI-1.7B-ACDCcopy2/Automatic-Circuit-Discovery/experiments/results/toolcall_q1_q164_node_reallocation_system_vs_orig_v1/node_reallocation_delta_summary.csv",
    "delta_barh_png": "/root/data/XAI-1.7B-ACDCcopy2/Automatic-Circuit-Discovery/experiments/results/toolcall_q1_q164_node_reallocation_system_vs_orig_v1/node_reallocation_delta_barh.png"
  }
}