{
  "q_index": 150,
  "backbone_nodes": [
    "MLP11",
    "L17H8",
    "MLP20",
    "L20H5",
    "L21H1",
    "L21H12",
    "MLP22",
    "L23H6",
    "L24H6",
    "MLP27"
  ],
  "orig_nodes": [
    "L3H1",
    "MLP4",
    "L6H5",
    "MLP7",
    "L10H2",
    "L10H6",
    "L17H8",
    "MLP18",
    "MLP20",
    "L20H5",
    "L21H1",
    "L21H12",
    "MLP22",
    "L23H6",
    "L24H6",
    "MLP27"
  ],
  "refined_nodes": [
    "L10H2",
    "MLP11",
    "L17H8",
    "MLP18",
    "MLP20",
    "L20H5",
    "L21H1",
    "L21H12",
    "MLP22",
    "L23H6",
    "L24H6",
    "MLP27"
  ],
  "refined_edges": [
    [
      "Input Embed",
      "L10H2"
    ],
    [
      "Input Embed",
      "MLP11"
    ],
    [
      "L10H2",
      "MLP11"
    ],
    [
      "L10H2",
      "L17H8"
    ],
    [
      "MLP11",
      "L17H8"
    ],
    [
      "L17H8",
      "MLP18"
    ],
    [
      "L10H2",
      "MLP18"
    ],
    [
      "L17H8",
      "MLP20"
    ],
    [
      "MLP18",
      "MLP20"
    ],
    [
      "L17H8",
      "L20H5"
    ],
    [
      "MLP18",
      "L20H5"
    ],
    [
      "L20H5",
      "L21H1"
    ],
    [
      "L17H8",
      "L21H1"
    ],
    [
      "L20H5",
      "L21H12"
    ],
    [
      "L17H8",
      "L21H12"
    ],
    [
      "L21H12",
      "MLP22"
    ],
    [
      "L21H1",
      "MLP22"
    ],
    [
      "L21H12",
      "L23H6"
    ],
    [
      "L21H1",
      "L23H6"
    ],
    [
      "L21H12",
      "L24H6"
    ],
    [
      "L21H1",
      "L24H6"
    ],
    [
      "L24H6",
      "MLP27"
    ],
    [
      "L21H12",
      "MLP27"
    ],
    [
      "MLP27",
      "Residual Output: <tool_call>"
    ],
    [
      "L24H6",
      "Residual Output: <tool_call>"
    ],
    [
      "L23H6",
      "Residual Output: <tool_call>"
    ],
    [
      "MLP20",
      "L21H12"
    ],
    [
      "MLP22",
      "L24H6"
    ]
  ],
  "k_local": 2,
  "local_nodes": [
    "MLP18",
    "L10H2"
  ],
  "refined_suff_ratio_vs_gap": 0.9722222222222222,
  "refined_necessity_ratio_vs_gap": 0.9722222222222222,
  "orig_suff_ratio_vs_gap": 0.9444444444444444,
  "orig_necessity_ratio_vs_gap": 0.9583333333333334,
  "gap": 9.0,
  "ap_mode": "full"
}