{
  "q_index": 4,
  "backbone_nodes": [
    "MLP11",
    "L17H8",
    "MLP20",
    "L20H5",
    "L21H1",
    "L21H12",
    "MLP22",
    "L23H6",
    "L24H6",
    "MLP27"
  ],
  "orig_nodes": [
    "MLP10",
    "L10H2",
    "MLP11",
    "L13H11",
    "L17H8",
    "L19H8",
    "MLP20",
    "L20H14",
    "L20H5",
    "L21H1",
    "L21H12",
    "MLP22",
    "L23H6",
    "L24H6",
    "MLP25",
    "MLP27"
  ],
  "refined_nodes": [
    "MLP11",
    "L17H8",
    "L19H8",
    "MLP20",
    "L20H14",
    "L20H5",
    "L21H1",
    "L21H12",
    "MLP22",
    "L23H6",
    "L24H6",
    "MLP25",
    "MLP27"
  ],
  "refined_edges": [
    [
      "Input Embed",
      "MLP11"
    ],
    [
      "Input Embed",
      "L17H8"
    ],
    [
      "MLP11",
      "L17H8"
    ],
    [
      "L17H8",
      "L19H8"
    ],
    [
      "MLP11",
      "L19H8"
    ],
    [
      "L19H8",
      "MLP20"
    ],
    [
      "L17H8",
      "MLP20"
    ],
    [
      "L19H8",
      "L20H14"
    ],
    [
      "L17H8",
      "L20H14"
    ],
    [
      "L19H8",
      "L20H5"
    ],
    [
      "L17H8",
      "L20H5"
    ],
    [
      "L20H5",
      "L21H1"
    ],
    [
      "L20H14",
      "L21H1"
    ],
    [
      "L20H5",
      "L21H12"
    ],
    [
      "L20H14",
      "L21H12"
    ],
    [
      "L21H12",
      "MLP22"
    ],
    [
      "L21H1",
      "MLP22"
    ],
    [
      "L21H12",
      "L23H6"
    ],
    [
      "L21H1",
      "L23H6"
    ],
    [
      "L21H12",
      "L24H6"
    ],
    [
      "L21H1",
      "L24H6"
    ],
    [
      "L21H12",
      "MLP25"
    ],
    [
      "L21H1",
      "MLP25"
    ],
    [
      "L21H12",
      "MLP27"
    ],
    [
      "L21H1",
      "MLP27"
    ],
    [
      "MLP27",
      "Residual Output: <tool_call>"
    ],
    [
      "MLP25",
      "Residual Output: <tool_call>"
    ],
    [
      "L24H6",
      "Residual Output: <tool_call>"
    ],
    [
      "MLP20",
      "L21H12"
    ],
    [
      "MLP22",
      "L23H6"
    ],
    [
      "L23H6",
      "MLP27"
    ]
  ],
  "k_local": 3,
  "local_nodes": [
    "L19H8",
    "MLP25",
    "L20H14"
  ],
  "refined_suff_ratio_vs_gap": 0.9423076923076923,
  "refined_necessity_ratio_vs_gap": 0.9807692307692307,
  "orig_suff_ratio_vs_gap": 0.9230769230769231,
  "orig_necessity_ratio_vs_gap": 0.9807692307692307,
  "gap": 6.5,
  "ap_mode": "full"
}