{
  "q_index": 42,
  "backbone_nodes": [
    "MLP11",
    "L17H8",
    "MLP20",
    "L20H5",
    "L21H1",
    "L21H12",
    "MLP22",
    "L23H6",
    "L24H6",
    "MLP27"
  ],
  "orig_nodes": [
    "L3H15",
    "MLP4",
    "L4H9",
    "MLP7",
    "MLP8",
    "L11H1",
    "L12H5",
    "L16H13",
    "L17H8",
    "MLP20",
    "L20H5",
    "L21H1",
    "L21H12",
    "MLP22",
    "L24H6",
    "MLP27"
  ],
  "refined_nodes": [
    "MLP7",
    "MLP11",
    "L16H13",
    "L17H8",
    "MLP20",
    "L20H5",
    "L21H1",
    "L21H12",
    "MLP22",
    "L23H6",
    "L24H6",
    "MLP27"
  ],
  "refined_edges": [
    [
      "Input Embed",
      "MLP7"
    ],
    [
      "Input Embed",
      "MLP11"
    ],
    [
      "MLP7",
      "MLP11"
    ],
    [
      "MLP7",
      "L16H13"
    ],
    [
      "MLP11",
      "L16H13"
    ],
    [
      "L16H13",
      "L17H8"
    ],
    [
      "MLP7",
      "L17H8"
    ],
    [
      "L17H8",
      "MLP20"
    ],
    [
      "L16H13",
      "MLP20"
    ],
    [
      "L17H8",
      "L20H5"
    ],
    [
      "L16H13",
      "L20H5"
    ],
    [
      "L20H5",
      "L21H1"
    ],
    [
      "L17H8",
      "L21H1"
    ],
    [
      "L20H5",
      "L21H12"
    ],
    [
      "L17H8",
      "L21H12"
    ],
    [
      "L21H12",
      "MLP22"
    ],
    [
      "L21H1",
      "MLP22"
    ],
    [
      "L21H12",
      "L23H6"
    ],
    [
      "L21H1",
      "L23H6"
    ],
    [
      "L21H12",
      "L24H6"
    ],
    [
      "L21H1",
      "L24H6"
    ],
    [
      "L24H6",
      "MLP27"
    ],
    [
      "L21H12",
      "MLP27"
    ],
    [
      "MLP27",
      "Residual Output: <tool_call>"
    ],
    [
      "L24H6",
      "Residual Output: <tool_call>"
    ],
    [
      "L23H6",
      "Residual Output: <tool_call>"
    ],
    [
      "MLP20",
      "L21H12"
    ],
    [
      "MLP22",
      "L24H6"
    ]
  ],
  "k_local": 2,
  "local_nodes": [
    "MLP7",
    "L16H13"
  ],
  "refined_suff_ratio_vs_gap": 1.0,
  "refined_necessity_ratio_vs_gap": 1.0098039215686274,
  "orig_suff_ratio_vs_gap": 0.8235294117647058,
  "orig_necessity_ratio_vs_gap": 0.8333333333333334,
  "gap": 6.375,
  "ap_mode": "full"
}