{
  "q_index": 91,
  "backbone_nodes": [
    "MLP11",
    "L17H8",
    "MLP20",
    "L20H5",
    "L21H1",
    "L21H12",
    "MLP22",
    "L23H6",
    "L24H6",
    "MLP27"
  ],
  "orig_nodes": [
    "L2H3",
    "MLP5",
    "L6H0",
    "L10H2",
    "MLP13",
    "L13H11",
    "L17H8",
    "MLP20",
    "L20H5",
    "L21H1",
    "L21H12",
    "MLP22",
    "L23H6",
    "L24H6",
    "MLP25",
    "MLP27"
  ],
  "refined_nodes": [
    "MLP11",
    "L17H8",
    "MLP20",
    "L20H5",
    "L21H1",
    "L21H12",
    "MLP22",
    "L23H6",
    "L24H6",
    "MLP27"
  ],
  "refined_edges": [
    [
      "Input Embed",
      "MLP11"
    ],
    [
      "Input Embed",
      "L17H8"
    ],
    [
      "MLP11",
      "L17H8"
    ],
    [
      "L17H8",
      "MLP20"
    ],
    [
      "MLP11",
      "MLP20"
    ],
    [
      "L17H8",
      "L20H5"
    ],
    [
      "MLP11",
      "L20H5"
    ],
    [
      "L20H5",
      "L21H1"
    ],
    [
      "L17H8",
      "L21H1"
    ],
    [
      "L20H5",
      "L21H12"
    ],
    [
      "L17H8",
      "L21H12"
    ],
    [
      "L21H1",
      "MLP22"
    ],
    [
      "L21H12",
      "MLP22"
    ],
    [
      "L21H1",
      "L23H6"
    ],
    [
      "L21H12",
      "L23H6"
    ],
    [
      "L21H1",
      "L24H6"
    ],
    [
      "L21H12",
      "L24H6"
    ],
    [
      "L24H6",
      "MLP27"
    ],
    [
      "L21H1",
      "MLP27"
    ],
    [
      "MLP27",
      "Residual Output: <tool_call>"
    ],
    [
      "L24H6",
      "Residual Output: <tool_call>"
    ],
    [
      "L23H6",
      "Residual Output: <tool_call>"
    ],
    [
      "MLP20",
      "L21H1"
    ],
    [
      "MLP22",
      "L24H6"
    ]
  ],
  "k_local": 0,
  "local_nodes": [],
  "refined_suff_ratio_vs_gap": 0.8923076923076924,
  "refined_necessity_ratio_vs_gap": 0.9076923076923077,
  "orig_suff_ratio_vs_gap": 0.8615384615384616,
  "orig_necessity_ratio_vs_gap": 0.8769230769230769,
  "gap": 8.125,
  "ap_mode": "full"
}