{
  "q_index": 94,
  "backbone_nodes": [
    "MLP11",
    "L17H8",
    "MLP20",
    "L20H5",
    "L21H1",
    "L21H12",
    "MLP22",
    "L23H6",
    "L24H6",
    "MLP27"
  ],
  "orig_nodes": [
    "L2H9",
    "MLP3",
    "L5H15",
    "L8H14",
    "L10H2",
    "MLP11",
    "MLP13",
    "MLP15",
    "L16H13",
    "L17H8",
    "MLP19",
    "L21H1",
    "L21H12",
    "MLP22",
    "L23H6",
    "L24H6"
  ],
  "refined_nodes": [
    "MLP11",
    "L17H8",
    "MLP19",
    "MLP20",
    "L20H5",
    "L21H1",
    "L21H12",
    "MLP22",
    "L23H6",
    "L24H6",
    "MLP27"
  ],
  "refined_edges": [
    [
      "Input Embed",
      "MLP11"
    ],
    [
      "Input Embed",
      "L17H8"
    ],
    [
      "MLP11",
      "L17H8"
    ],
    [
      "L17H8",
      "MLP19"
    ],
    [
      "MLP11",
      "MLP19"
    ],
    [
      "L17H8",
      "MLP20"
    ],
    [
      "MLP19",
      "MLP20"
    ],
    [
      "MLP19",
      "L20H5"
    ],
    [
      "L17H8",
      "L20H5"
    ],
    [
      "MLP19",
      "L21H1"
    ],
    [
      "L17H8",
      "L21H1"
    ],
    [
      "MLP19",
      "L21H12"
    ],
    [
      "L17H8",
      "L21H12"
    ],
    [
      "L21H1",
      "MLP22"
    ],
    [
      "L21H12",
      "MLP22"
    ],
    [
      "L21H1",
      "L23H6"
    ],
    [
      "L21H12",
      "L23H6"
    ],
    [
      "L21H1",
      "L24H6"
    ],
    [
      "L23H6",
      "L24H6"
    ],
    [
      "L21H1",
      "MLP27"
    ],
    [
      "L21H12",
      "MLP27"
    ],
    [
      "MLP27",
      "Residual Output: <tool_call>"
    ],
    [
      "L24H6",
      "Residual Output: <tool_call>"
    ],
    [
      "L23H6",
      "Residual Output: <tool_call>"
    ],
    [
      "MLP20",
      "L21H1"
    ],
    [
      "L20H5",
      "L21H1"
    ],
    [
      "MLP22",
      "L23H6"
    ]
  ],
  "k_local": 1,
  "local_nodes": [
    "MLP19"
  ],
  "refined_suff_ratio_vs_gap": 0.9767441860465116,
  "refined_necessity_ratio_vs_gap": 1.0232558139534884,
  "orig_suff_ratio_vs_gap": 1.186046511627907,
  "orig_necessity_ratio_vs_gap": 1.2325581395348837,
  "gap": 5.375,
  "ap_mode": "full"
}